<toolSet name="Sourcery">
  <tool name="Run Sourcery" showInMainMenu="true" showInEditor="true" showInProject="true" showInSearchPopup="true" disabled="false" useConsole="false" showConsoleOnStdOut="false" showConsoleOnStdErr="false" synchronizeAfterRun="true">
    <exec>
      <option name="COMMAND" value="/Applications/Sourcery/bin/sourcery" />
      <option name="PARAMETERS" value="--sources &quot;$ProjectFileDir$&quot; --templates &quot;$ProjectFileDir$/Templates&quot; --output &quot;$ProjectFileDir$/CodeGenerated&quot;" />
      <option name="WORKING_DIRECTORY" value="$ProjectFileDir$" />
    </exec>
  </tool>
  <tool name="Edit Sourcery Config" showInMainMenu="true" showInEditor="true" showInProject="true" showInSearchPopup="true" disabled="false" useConsole="false" showConsoleOnStdOut="false" showConsoleOnStdErr="false" synchronizeAfterRun="true">
    <exec>
      <option name="COMMAND" value="appcode" />
      <option name="PARAMETERS" value=".sourcery.yml" />
      <option name="WORKING_DIRECTORY" value="$ProjectFileDir$" />
    </exec>
  </tool>
</toolSet>